{
    "eval_type": "synthetic",
    "dataset": "data/depression/",
    "metrics": {
        "train": {
            "0": {
                "precision": 0.998758149642968,
                "recall": 0.9993786890338614,
                "f1-score": 0.9990683229813665,
                "support": 9657
            },
            "1": {
                "precision": 0.9994195608010061,
                "recall": 0.9988397950304554,
                "f1-score": 0.9991295938104449,
                "support": 10343
            },
            "accuracy": 0.9991,
            "macro avg": {
                "precision": 0.9990888552219871,
                "recall": 0.9991092420321583,
                "f1-score": 0.9990989583959057,
                "support": 20000
            },
            "weighted avg": {
                "precision": 0.9991001984233475,
                "recall": 0.9991,
                "f1-score": 0.9991000091906244,
                "support": 20000
            },
            "roc_auc": 0.9997741042358926,
            "score": 0.9991
        },
        "val": {
            "0": {
                "precision": 0.9495495495495495,
                "recall": 0.9410714285714286,
                "f1-score": 0.9452914798206277,
                "support": 560
            },
            "1": {
                "precision": 0.9394495412844037,
                "recall": 0.9481481481481482,
                "f1-score": 0.943778801843318,
                "support": 540
            },
            "accuracy": 0.9445454545454546,
            "macro avg": {
                "precision": 0.9444995454169767,
                "recall": 0.9446097883597884,
                "f1-score": 0.9445351408319729,
                "support": 1100
            },
            "weighted avg": {
                "precision": 0.9445913636739326,
                "recall": 0.9445454545454546,
                "f1-score": 0.9445488924499483,
                "support": 1100
            },
            "roc_auc": 0.9873098544973544,
            "score": 0.9445454545454546
        },
        "test": {
            "0": {
                "precision": 0.9199288256227758,
                "recall": 0.941712204007286,
                "f1-score": 0.9306930693069307,
                "support": 549
            },
            "1": {
                "precision": 0.9405204460966543,
                "recall": 0.9183303085299456,
                "f1-score": 0.9292929292929294,
                "support": 551
            },
            "accuracy": 0.93,
            "macro avg": {
                "precision": 0.930224635859715,
                "recall": 0.9300212562686158,
                "f1-score": 0.9299929992999301,
                "support": 1100
            },
            "weighted avg": {
                "precision": 0.9302433555146914,
                "recall": 0.93,
                "f1-score": 0.9299917264453719,
                "support": 1100
            },
            "roc_auc": 0.9847883794657172,
            "score": 0.93
        }
    }
}
